[
    {
        "id": 1,
        "personnel_id": 1,
        "debut": "2023-09-12",
        "fin": "2023-09-12",
        "motif":"obligations familiales",
        "date":"2023-07-21",
        "personnel": {
            "id": 1,
            "matricule": "19G232",
            "nom": "frank",
            "prenom": "junior",
            "date_naissance": "2002-02-13",
            "sexe": "M",
            "direction_id": 1,
            "direction": {
                "id": 1,
                "nom": "DSI",
                "region": "centre",
                "lieu": "Avenue des Banque"
            }
        }
    },{
        "id": 10,
        "personnel_id": 1,
        "debut": "2023-08-05",
        "fin": "2023-08-05",
        "motif":"obligations professionnelles",
        "date":"2023-07-23",
        "personnel": {
            "id": 1,
            "matricule": "19G232",
            "nom": "frank",
            "prenom": "junior",
            "date_naissance": "2002-02-13",
            "sexe": "M",
            "direction_id": 1,
            "direction": {
                "id": 1,
                "nom": "DSI",
                "region": "centre",
                "lieu": "Avenue des Banque"
            }
        }
    },
    
    {
        "id": 2,
        "personnel_id": 2,
        "debut": "2023-08-05",
        "fin": "2023-08-05",
        "motif":"obligations professionnelles",
        "date":"2023-07-23",
        "personnel": {
            "id": 2,
            "matricule": "19G235",
            "nom": "Arthur",
            "prenom": "Jean",
            "date_naissance": "2002-08-05",
            "sexe": "M",
            "direction_id": 2,
            "direction": {
                "id": 2,
                "nom": "DSS",
                "region": "centre",
                "lieu": "Avenue des Banque"
            }
        }
    },
    {
        "id": 3,
        "personnel_id": 3,
        "debut": "2023-10-02",
        "fin": "2023-10-12",
        "motif":"obligations traditionnelles",
        "date":"2023-07-25",
        "personnel":{
            "id":3,
            "matricule": "19GZ17",
            "nom": "Yollande",
            "prenom": "Herve",
            "date_naissance": "2005-09-23",
            "sexe": "F",
            "direction_id":1,
            "direction": {
                "id": 1,
                "nom": "DSI",
                "region": "centre",
                "lieu": "Avenue des Banque"
            }
        }
    },
    {
        "id": 4,
        "personnel_id": 4,
        "debut": "2023-09-12",
        "fin": "2023-10-01",
        "motif":"obligations médicales",
        "date":"2023-07-24",
        "personnel":{
            "id":4,
            "matricule": "19G231",
            "nom": "Yannick",
            "prenom": "Yudomo",
            "date_naissance": "2005-12-13",
            "sexe": "M",
            "direction_id":1,
            "direction": {
                "id": 1,
                "nom": "DSI",
                "region": "centre",
                "lieu": "Avenue des Banque"
            }
        }
    }
]