{
    "id": 1,
    "firstname": "admin",
    "emailaddress": "admin@afrilandfirstbank.com",
    "telephoneCisco": "01644",
    "telephoneMobile": "673498292",
    "userId": 0,
    "sexe": "M",
    "fonction": "admin-0",
    "service": "INFORMATIQUE",
    "libAge": "AUCUN",
    "organizationId": 287740,
    "agent": true,
    "screenname": null,
    "departement": {
        "id": 1,
        "organizationId": 287740,
        "level": 2,
        "type_": "DEPARTEMENT",
        "treePath": "/287662/287721/287740/",
        "parentorganizationId": 287721,
        "name": "DEPARTEMENT DEVELOPPEMENT ET INTEGRATION DES LOGICIELS",
        "direction": {
            "id": 1,
            "organizationId": 287721,
            "level": 4,
            "type_": "DIRECTION",
            "treePath": "/287662/287721/",
            "parentorganizationId": 287662,
            "name": "DIRECTION DES SYSTEMES INFORMATIONS",
            "departements": null,
            "parameters": []
        },
        "personnels": null
    },
    "absentList": [],
    "vacancies": [],
    "personnels_jour": [],
    "personnels_nuit": [],
    "months_supervise": [],
    "roles": [
        {
            "id": 5,
            "name": "VALIDER PLANNING",
            "personnels": []
        },
        {
            "id": 3,
            "name": "MODIFIER PLANNING",
            "personnels": []
        },
        {
            "id": 7,
            "name": "VOIR PAGE ADMINISTRATEUR",
            "personnels": []
        },
        {
            "id": 2,
            "name": "ATTRIBUER LES ROLES",
            "personnels": []
        },
        {
            "id": 1,
            "name": "AJOUTER UNE ABSENCE",
            "personnels": []
        },
        {
            "id": 6,
            "name": "VALIDER REMPLACEMENT",
            "personnels": []
        },
        {
            "id": 4,
            "name": "SE CONNECTER",
            "personnels": []
        }
    ],
    "remplacements": [],
    "absences": [],
    "personnelJours": [],
    "personnelNuits": [],
    "annonces": [],
    "notifications": []
}