[
    {
        "id": 1,
        "firstname": "Rodrigue Christian",
        "emailaddress": "rodrigue_toukam@afrilandfirstbank.com",
        "telephoneCisco": "01644",
        "telephoneMobile": "673498292",
        "userId": 43677,
        "sexe": "M",
        "fonction": "CONTROLEUR D'EXPLOITATION INFORMATIQUE ASSISTANT SENIOR",
        "service": "INFORMATIQUE",
        "libAge": "DEPARTEMENT DEVELOPPEMENT ET INTEGRATION DES LOGICIELS",
        "organizationId": 287740,
        "agent": true,
        "permanence": false,
        "isEligible": true,
        "isAbsent": false,
        "isVacancy": false,

        "vacancies": [
            {
                "id": 1,
                "start": "2023-11-15",
                "end": "2023-11-20",
                "submissionDate": "2023-06-08",
                "type": "PERMISSION",
                "personnel": {
                    "id": 1,
                    "firstname": "Rodrigue Christian",
                    "emailaddress": "rodrigue_toukam@afrilandfirstbank.com",
                    "telephoneCisco": "01644",
                    "telephoneMobile": "673498292",
                    "userId": 43677,
                    "organizationId": 287740,
                    "sexe": "M",
                    "fonction": "CONTROLEUR D'EXPLOITATION INFORMATIQUE ASSISTANT SENIOR",
                    "agent": true,
                    "service": "INFORMATIQUE",
                    "libAge": "DEPARTEMENT DEVELOPPEMENT ET INTEGRATION DES LOGICIELS",
                    "permanence": false,
                    "isEligible": true,
                    "isAbsent": false,
                    "isVacancy": false
                }
            }
        ],
        "departement": {
            "id": 1,
            "organizationId": 287740,
            "level": 2,
            "type_": "DEPARTEMENT",
            "treepath": "/287662/287721/287740/",
            "parentorganizationId": 287721,
            "name": "DEPARTEMENT DEVELOPPEMENT ET INTEGRATION DES LOGICIELS",
            "direction": {
                "id": 1,
                "organizationId": 287721,
                "level": 4,
                "type_": "DIRECTION",
                "treepath": "/287662/287721/",
                "parentorganizationId": 287662,
                "name": "DIRECTION DES SYSTEMES INFORMATIONS"
            }
        }
    },
    {
        "id": 2,
        "firstname": "John Doe",
        "emailaddress": "johndoe@example.com",
        "telephoneCisco": "0123",
        "userId": 1234,
        "sexe": "M",
        "fonction": "responsable du tfj",
        "telephoneMobile": "612345678",
        "service": "INFORMATIQUE",
        "libAge": "DEPARTEMENT DEVELOPPEMENT ET INTEGRATION DES LOGICIELS",
        "organizationId": 287740,
        "agent": true,
        "permanence": false,
        "absentList": [],
        "vacancies": [],
        "isEligible": true,
        "isAbsent": false,
        "isVacancy": false,
        "departement": {
            "id": 1,
            "organizationId": 287740,
            "level": 2,
            "type_": "DEPARTEMENT",
            "treepath": "/287662/287721/287740/",
            "parentorganizationId": 287721,
            "name": "DEPARTEMENT DEVELOPPEMENT ET INTEGRATION DES LOGICIELS",
            "direction": {
                "id": 1,
                "organizationId": 287721,
                "level": 4,
                "type_": "DIRECTION",
                "treepath": "/287662/287721/",
                "parentorganizationId": 287662,
                "name": "DIRECTION DES SYSTEMES INFORMATIONS"
            }
        }
    },
    {
        "id": 3,
        "firstname": "Jane Smith",
        "emailaddress": "janesmith@example.com",
        "telephoneCisco": "0456",
        "userId": 5678,
        "sexe": "F",
        "fonction": "developpeur",
        "telephoneMobile": "623456789",
        "service": "INFORMATIQUE",
        "libAge": "production et de la plateforme collaborative",
        "organizationId": 287740,
        "agent": true,
        "permanence": false,
        "absentList": [],
        "vacancies": [],
        "isEligible": true,
        "isAbsent": false,
        "isVacancy": false,
        "departement": {
            "id": 1,
            "organizationId": 287740,
            "level": 2,
            "type_": "DEPARTEMENT",
            "treepath": "/287662/287721/287740/",
            "parentorganizationId": 287721,
            "name": "production et de la plateforme collaborative",
            "direction": {
                "id": 1,
                "organizationId": 287721,
                "level": 4,
                "type_": "DIRECTION",
                "treepath": "/287662/287721/",
                "parentorganizationId": 287662,
                "name": "DIRECTION DES SYSTEMES INFORMATIONS"
            }
        }
    },
    {
        "id": 4,
        "firstname": "James Evans",
        "emailaddress": "jamesevans@example.com",
        "telephoneCisco": "0123",
        "userId": 1234,
        "sexe": "M",
        "fonction": "responsable du tfj",
        "telephoneMobile": "651234567",
        "service": "INFORMATIQUE",
        "libAge": "DEPARTEMENT DEVELOPPEMENT ET INTEGRATION DES LOGICIELS",
        "organizationId": 287740,
        "agent": true,
        "permanence": false,
        "absentList": [],
        "vacancies": [],
        "isEligible": true,
        "isAbsent": false,
        "isVacancy": false,
        "departement": {
            "id": 1,
            "organizationId": 287740,
            "level": 2,
            "type_": "DEPARTEMENT",
            "treepath": "/287662/287721/287740/",
            "parentorganizationId": 287721,
            "name": "DEPARTEMENT DEVELOPPEMENT ET INTEGRATION DES LOGICIELS",
            "direction": {
                "id": 1,
                "organizationId": 287721,
                "level": 4,
                "type_": "DIRECTION",
                "treepath": "/287662/287721/",
                "parentorganizationId": 287662,
                "name": "DIRECTION DES SYSTEMES INFORMATIONS"
            }
        }
    },
    {
        "id": 5,
        "firstname": "Sophia Wilson",
        "emailaddress": "sophiawilson@example.com",
        "telephoneCisco": "0123",
        "userId": 4321,
        "sexe": "F",
        "fonction": "Ingénieure",
        "telephoneMobile": "681234567",
        "service": "INFORMATIQUE",
        "libAge": "production et de la plateforme collaborative",
        "organizationId": 287740,
        "agent": true,
        "permanence": false,
        "absentList": [],
        "vacancies": [],
        "isEligible": true,
        "isAbsent": false,
        "isVacancy": false,
        "departement": {
            "id": 1,
            "organizationId": 287740,
            "level": 2,
            "type_": "DEPARTEMENT",
            "treepath": "/287662/287721/287740/",
            "parentorganizationId": 287721,
            "name": "production et de la plateforme collaborative",
            "direction": {
                "id": 1,
                "organizationId": 287721,
                "level": 4,
                "type_": "DIRECTION",
                "treepath": "/287662/287721/",
                "parentorganizationId": 287662,
                "name": "DIRECTION DES SYSTEMES INFORMATIONS"
            }
        }
    },
    {
        "id": 6,
        "firstname": "Daniel Martin",
        "emailaddress": "danielmartin@example.com",
        "telephoneCisco": "0456",
        "userId": 8765,
        "sexe": "M",
        "fonction": "responsable du tfj",
        "telephoneMobile": "691234567",
        "service": "INFORMATIQUE",
        "libAge": "DEPARTEMENT DEVELOPPEMENT ET INTEGRATION DES LOGICIELS",
        "organizationId": 287740,
        "agent": true,
        "permanence": false,
        "absentList": [],
        "vacancies": [],
        "isEligible": true,
        "isAbsent": false,
        "isVacancy": false,
        "departement": {
            "id": 1,
            "organizationId": 287740,
            "level": 2,
            "type_": "DEPARTEMENT",
            "treepath": "/287662/287721/287740/",
            "parentorganizationId": 287721,
            "name": "DEPARTEMENT DEVELOPPEMENT ET INTEGRATION DES LOGICIELS",
            "direction": {
                "id": 1,
                "organizationId": 287721,
                "level": 4,
                "type_": "DIRECTION",
                "treepath": "/287662/287721/",
                "parentorganizationId": 287662,
                "name": "DIRECTION DES SYSTEMES INFORMATIONS"
            }
        }
    },
    {
        "id": 7,
        "firstname": "Olivia Thompson",
        "emailaddress": "oliviathompson@example.com",
        "telephoneCisco": "0789",
        "userId": 1098,
        "sexe": "F",
        "fonction": "Développeuse",
        "telephoneMobile": "601234567",
        "service": "INFORMATIQUE",
        "libAge": "production et de la plateforme collaborative",
        "organizationId": 287740,
        "agent": true,
        "permanence": false,
        "absentList": [],
        "vacancies": [],
        "isEligible": true,
        "isAbsent": false,
        "isVacancy": false,
        "departement": {
            "id": 1,
            "organizationId": 287740,
            "level": 2,
            "type_": "DEPARTEMENT",
            "treepath": "/287662/287721/287740/",
            "parentorganizationId": 287721,
            "name": "production et de la plateforme collaborative",
            "direction": {
                "id": 1,
                "organizationId": 287721,
                "level": 4,
                "type_": "DIRECTION",
                "treepath": "/287662/287721/",
                "parentorganizationId": 287662,
                "name": "DIRECTION DES SYSTEMES INFORMATIONS"
            }
        }
    },
    {
        "id": 8,
        "firstname": "Robert Johnson",
        "emailaddress": "robertjohnson@example.com",
        "telephoneCisco": "0789",
        "userId": 9012,
        "sexe": "M",
        "fonction": "responsable du tfj",
        "telephoneMobile": "631234567",
        "service": "INFORMATIQUE",
        "libAge": "DEPARTEMENT DEVELOPPEMENT ET INTEGRATION DES LOGICIELS",
        "organizationId": 287740,
        "agent": true,
        "permanence": false,
        "absentList": [],
        "vacancies": [],
        "isEligible": true,
        "isAbsent": false,
        "isVacancy": false,
        "departement": {
            "id": 1,
            "organizationId": 287740,
            "level": 2,
            "type_": "DEPARTEMENT",
            "treepath": "/287662/287721/287740/",
            "parentorganizationId": 287721,
            "name": "DEPARTEMENT DEVELOPPEMENT ET INTEGRATION DES LOGICIELS",
            "direction": {
                "id": 1,
                "organizationId": 287721,
                "level": 4,
                "type_": "DIRECTION",
                "treepath": "/287662/287721/",
                "parentorganizationId": 287662,
                "name": "DIRECTION DES SYSTEMES INFORMATIONS"
            }
        }
    },
    {
        "id": 9,
        "firstname": "Emily Davis",
        "emailaddress": "emilydavis@example.com",
        "telephoneCisco": "0921",
        "userId": 3456,
        "sexe": "F",
        "fonction": "Ingénieur",
        "telephoneMobile": "641234567",
        "service": "INFORMATIQUE",
        "libAge": "production et de la plateforme collaborative",
        "organizationId": 287740,
        "agent": true,
        "permanence": false,
        "absentList": [],
        "vacancies": [],
        "isEligible": true,
        "isAbsent": false,
        "isVacancy": false,
        "departement": {
            "id": 1,
            "organizationId": 287740,
            "level": 2,
            "type_": "DEPARTEMENT",
            "treepath": "/287662/287721/287740/",
            "parentorganizationId": 287721,
            "name": "production et de la plateforme collaborative",
            "direction": {
                "id": 1,
                "organizationId": 287721,
                "level": 4,
                "type_": "DIRECTION",
                "treepath": "/287662/287721/",
                "parentorganizationId": 287662,
                "name": "DIRECTION DES SYSTEMES INFORMATIONS"
            }
        }
    },
    {
        "id": 10,
        "firstname": "Michael Franklin",
        "emailaddress": "michaelanderson@example.com",
        "telephoneCisco": "0345",
        "userId": 7890,
        "sexe": "M",
        "fonction": "Développeur",
        "telephoneMobile": "651234567",
        "service": "INFORMATIQUE",
        "libAge": "production et de la plateforme collaborative",
        "organizationId": 287740,
        "agent": true,
        "permanence": false,
        "absentList": [],
        "vacancies": [],
        "isEligible": true,
        "isAbsent": false,
        "isVacancy": false,
        "departement": {
            "id": 1,
            "organizationId": 287740,
            "level": 2,
            "type_": "DEPARTEMENT",
            "treepath": "/287662/287721/287740/",
            "parentorganizationId": 287721,
            "name": "production et de la plateforme collaborative",
            "direction": {
                "id": 1,
                "organizationId": 287721,
                "level": 4,
                "type_": "DIRECTION",
                "treepath": "/287662/287721/",
                "parentorganizationId": 287662,
                "name": "DIRECTION DES SYSTEMES INFORMATIONS"
            }
        }
    },
    {
        "id": 11,
        "firstname": "Alice Johnson",
        "emailaddress": "alicejohnson@example.com",
        "telephoneCisco": "0567",
        "userId": 2345,
        "sexe": "F",
        "fonction": "developpeur",
        "telephoneMobile": "661234567",
        "service": "INFORMATIQUE",
        "libAge": "DEPARTEMENT DEVELOPPEMENT ET INTEGRATION DES LOGICIELS",
        "organizationId": 287740,
        "agent": true,
        "permanence": false,
        "absentList": [],
        "vacancies": [],
        "isEligible": true,
        "isAbsent": false,
        "isVacancy": false,
        "departement": {
            "id": 1,
            "organizationId": 287740,
            "level": 2,
            "type_": "DEPARTEMENT",
            "treepath": "/287662/287721/287740/",
            "parentorganizationId": 287721,
            "name": "DEPARTEMENT DEVELOPPEMENT ET INTEGRATION DES LOGICIELS",
            "direction": {
                "id": 1,
                "organizationId": 287721,
                "level": 4,
                "type_": "DIRECTION",
                "treepath": "/287662/287721/",
                "parentorganizationId": 287662,
                "name": "DIRECTION DES SYSTEMES INFORMATIONS"
            }
        }
    },
    {
        "id": 12,
        "firstname": "Michael Anderson",
        "emailaddress": "michaelanderson@example.com",
        "telephoneCisco": "0345",
        "userId": 7890,
        "sexe": "M",
        "fonction": "responsable du tfj",
        "telephoneMobile": "651234567",
        "service": "INFORMATIQUE",
        "libAge": "DEPARTEMENT DEVELOPPEMENT ET INTEGRATION DES LOGICIELS",
        "organizationId": 287740,
        "agent": true,
        "permanence": false,
        "absentList": [],
        "vacancies": [],
        "isEligible": true,
        "isAbsent": false,
        "isVacancy": false,
        "departement": {
            "id": 1,
            "organizationId": 287740,
            "level": 2,
            "type_": "DEPARTEMENT",
            "treepath": "/287662/287721/287740/",
            "parentorganizationId": 287721,
            "name": "DEPARTEMENT DEVELOPPEMENT ET INTEGRATION DES LOGICIELS",
            "direction": {
                "id": 1,
                "organizationId": 287721,
                "level": 4,
                "type_": "DIRECTION",
                "treepath": "/287662/287721/",
                "parentorganizationId": 287662,
                "name": "DIRECTION DES SYSTEMES INFORMATIONS"
            }
        }
    },
    {
        "id": 13,
        "firstname": "William Turner",
        "emailaddress": "williamturner@example.com",
        "telephoneCisco": "0921",
        "userId": 5678,
        "sexe": "M",
        "fonction": "Analyste",
        "telephoneMobile": "611234567",
        "service": "INFORMATIQUE",
        "libAge": "DEPARTEMENT DEVELOPPEMENT ET INTEGRATION DES LOGICIELS",
        "organizationId": 287740,
        "agent": true,
        "permanence": false,
        "absentList": [],
        "vacancies": [],
        "isEligible": true,
        "isAbsent": false,
        "isVacancy": false,
        "departement": {
            "id": 1,
            "organizationId": 287740,
            "level": 2,
            "type_": "DEPARTEMENT",
            "treepath": "/287662/287721/287740/",
            "parentorganizationId": 287721,
            "name": "DEPARTEMENT DEVELOPPEMENT ET INTEGRATION DES LOGICIELS",
            "direction": {
                "id": 1,
                "organizationId": 287721,
                "level": 4,
                "type_": "DIRECTION",
                "treepath": "/287662/287721/",
                "parentorganizationId": 287662,
                "name": "DIRECTION DES SYSTEMES INFORMATIONS"
            }
        }
    },
    {
        "id": 14,
        "firstname": "Emma Baker",
        "emailaddress": "emmabaker@example.com",
        "telephoneCisco": "0345",
        "userId": 9012,
        "sexe": "F",
        "fonction": "Développeuse",
        "telephoneMobile": "621234567",
        "service": "INFORMATIQUE",
        "libAge": "DEPARTEMENT DEVELOPPEMENT ET INTEGRATION DES LOGICIELS",
        "organizationId": 287740,
        "agent": true,
        "permanence": false,
        "absentList": [],
        "vacancies": [],
        "isEligible": true,
        "isAbsent": false,
        "isVacancy": false,
        "departement": {
            "id": 2,
            "organizationId": 287740,
            "level": 2,
            "type_": "DEPARTEMENT",
            "treepath": "/287662/287721/287740/",
            "parentorganizationId": 287721,
            "name": "DEPARTEMENT DEVELOPPEMENT ET INTEGRATION DES LOGICIELS",
            "direction": {
                "id": 1,
                "organizationId": 287721,
                "level": 4,
                "type_": "DIRECTION",
                "treepath": "/287662/287721/",
                "parentorganizationId": 287662,
                "name": "DIRECTION DES SYSTEMES INFORMATIONS"
            }
        }
    },
    {
        "id": 15,
        "firstname": "Liam Carter",
        "emailaddress": "liamcarter@example.com",
        "telephoneCisco": "0567",
        "userId": 3456,
        "sexe": "M",
        "fonction": "Ingénieur",
        "telephoneMobile": "631234567",
        "service": "INFORMATIQUE",
        "libAge": "DEPARTEMENT DEVELOPPEMENT ET INTEGRATION DES LOGICIELS",
        "organizationId": 287740,
        "agent": true,
        "permanence": false,
        "absentList": [],
        "vacancies": [],
        "isEligible": true,
        "isAbsent": false,
        "isVacancy": false,
        "departement": {
            "id": 2,
            "organizationId": 287740,
            "level": 2,
            "type_": "DEPARTEMENT",
            "treepath": "/287662/287721/287740/",
            "parentorganizationId": 287721,
            "name": "DEPARTEMENT DEVELOPPEMENT ET INTEGRATION DES LOGICIELS",
            "direction": {
                "id": 1,
                "organizationId": 287721,
                "level": 4,
                "type_": "DIRECTION",
                "treepath": "/287662/287721/",
                "parentorganizationId": 287662,
                "name": "DIRECTION DES SYSTEMES INFORMATIONS"
            }
        }
    },
    {
        "id": 16,
        "firstname": "Mia Cooper",
        "emailaddress": "miacooper@example.com",
        "telephoneCisco": "0890",
        "userId": 7890,
        "sexe": "F",
        "fonction": "Administratrice",
        "telephoneMobile": "641234567",
        "service": "INFORMATIQUE",
        "libAge": "DEPARTEMENT DEVELOPPEMENT ET INTEGRATION DES LOGICIELS",
        "organizationId": 287740,
        "agent": true,
        "permanence": false,
        "absentList": [],
        "vacancies": [],
        "isEligible": true,
        "isAbsent": false,
        "isVacancy": false,
        "departement": {
            "id": 2,
            "organizationId": 287740,
            "level": 2,
            "type_": "DEPARTEMENT",
            "treepath": "/287662/287721/287740/",
            "parentorganizationId": 287721,
            "name": "DEPARTEMENT DEVELOPPEMENT ET INTEGRATION DES LOGICIELS",
            "direction": {
                "id": 1,
                "organizationId": 287721,
                "level": 4,
                "type_": "DIRECTION",
                "treepath": "/287662/287721/",
                "parentorganizationId": 287662,
                "name": "DIRECTION DES SYSTEMES INFORMATIONS"
            }
        }
    },
    {
        "id": 17,
        "firstname": "James Toribo",
        "emailaddress": "jamesevans@example.com",
        "telephoneCisco": "0123",
        "userId": 1234,
        "sexe": "M",
        "fonction": "Développeur",
        "telephoneMobile": "651234567",
        "service": "INFORMATIQUE",
        "libAge": "DEPARTEMENT DEVELOPPEMENT ET INTEGRATION DES LOGICIELS",
        "organizationId": 287740,
        "agent": true,
        "permanence": false,
        "absentList": [],
        "vacancies": [],
        "isEligible": true,
        "isAbsent": false,
        "isVacancy": false,
        "departement": {
            "id": 2,
            "organizationId": 287740,
            "level": 2,
            "type_": "DEPARTEMENT",
            "treepath": "/287662/287721/287740/",
            "parentorganizationId": 287721,
            "name": "DEPARTEMENT DEVELOPPEMENT ET INTEGRATION DES LOGICIELS",
            "direction": {
                "id": 1,
                "organizationId": 287721,
                "level": 4,
                "type_": "DIRECTION",
                "treepath": "/287662/287721/",
                "parentorganizationId": 287662,
                "name": "DIRECTION DES SYSTEMES INFORMATIONS"
            }
        }
    },
    {
        "id": 18,
        "firstname": "David Brown",
        "emailaddress": "davidbrown@example.com",
        "telephoneCisco": "0890",
        "userId": 6789,
        "sexe": "M",
        "fonction": "Analyste",
        "telephoneMobile": "671234567",
        "agent": false,
        "service": "INFORMATIQUE",
        "libAge": "production et de la plateforme collaborative",
        "permanence": false,
        "absentList": [],
        "vacancies": [],
        "isEligible": false,
        "admin": true,
        "superviseur": true,
        "isAbsent": false,
        "isVacancy": false,
        "departement": {
            "id": 2,
            "organizationId": 287740,
            "level": 2,
            "type_": "DEPARTEMENT",
            "treepath": "/287662/287721/287740/",
            "parentorganizationId": 287721,
            "name": "production et de la plateforme collaborative",
            "direction": {
                "id": 1,
                "organizationId": 287721,
                "level": 4,
                "type_": "DIRECTION",
                "treepath": "/287662/287721/",
                "parentorganizationId": 287662,
                "name": "DIRECTION DES SYSTEMES INFORMATIONS"
            }
        }
    },
    {
        "firstname": "Robert Johnson",
        "emailaddress": "robertjohnson@afriland.example.com",
        "telephoneCisco": "0789",
        "userId": 9101,
        "sexe": "M",
        "fonction": "Analyste de données",
        "telephoneMobile": "63456789",
        "service": "INFORMATIQUE",
        "libAge": "DEPARTEMENT DEVELOPPEMENT ET INTEGRATION DES LOGICIELS",
        "organizationId": 287740,
        "agent": true,
        "permanence": false,
        "absentList": [],
        "vacancies": [],
        "isEligible": true,
        "isAbsent": false,
        "isVacancy": false,
        "departement": {
            "id": 2,
            "organizationId": 287740,
            "level": 2,
            "type_": "DEPARTEMENT",
            "treepath": "/287662/287721/287740/",
            "parentorganizationId": 287721,
            "name": "DEPARTEMENT DEVELOPPEMENT ET INTEGRATION DES LOGICIELS",
            "direction": {
                "id": 1,
                "organizationId": 287721,
                "level": 4,
                "type_": "DIRECTION",
                "treepath": "/287662/287721/",
                "parentorganizationId": 287662,
                "name": "DIRECTION DES SYSTEMES INFORMATIONS"
            }
        }
    },
    {
        "firstname": "Emily Davis",
        "emailaddress": "emilydavis@afriland.example.com",
        "telephoneCisco": "0101",
        "userId": 1121,
        "sexe": "F",
        "fonction": "Ingénieur réseau",
        "telephoneMobile": "64567890",
        "service": "INFORMATIQUE",
        "libAge": "DEPARTEMENT DEVELOPPEMENT ET INTEGRATION DES LOGICIELS",
        "organizationId": 287740,
        "agent": true,
        "permanence": false,
        "absentList": [],
        "vacancies": [],
        "isEligible": true,
        "isAbsent": false,
        "isVacancy": false,
        "departement": {
            "id": 2,
            "organizationId": 287740,
            "level": 2,
            "type_": "DEPARTEMENT",
            "treepath": "/287662/287721/287740/",
            "parentorganizationId": 287721,
            "name": "DEPARTEMENT DEVELOPPEMENT ET INTEGRATION DES LOGICIELS",
            "direction": {
                "id": 1,
                "organizationId": 287721,
                "level": 4,
                "type_": "DIRECTION",
                "treepath": "/287662/287721/",
                "parentorganizationId": 287662,
                "name": "DIRECTION DES SYSTEMES INFORMATIONS"
            }
        }
    },
    {
        "firstname": "Michael Wilson",
        "emailaddress": "michaelwilson@afriland.example.com",
        "telephoneCisco": "0345",
        "userId": 1223,
        "sexe": "M",
        "fonction": "Chef de projet",
        "telephoneMobile": "65678901",
        "service": "INFORMATIQUE",
        "libAge": "DEPARTEMENT DEVELOPPEMENT ET INTEGRATION DES LOGICIELS",
        "organizationId": 287740,
        "agent": true,
        "permanence": false,
        "absentList": [],
        "vacancies": [],
        "isEligible": true,
        "isAbsent": false,
        "isVacancy": false,
        "departement": {
            "id": 2,
            "organizationId": 287740,
            "level": 2,
            "type_": "DEPARTEMENT",
            "treepath": "/287662/287721/287740/",
            "parentorganizationId": 287721,
            "name": "DEPARTEMENT DEVELOPPEMENT ET INTEGRATION DES LOGICIELS",
            "direction": {
                "id": 1,
                "organizationId": 287721,
                "level": 4,
                "type_": "DIRECTION",
                "treepath": "/287662/287721/",
                "parentorganizationId": 287662,
                "name": "DIRECTION DES SYSTEMES INFORMATIONS"
            }
        }
    },
    {
        "firstname": "Olivia Anderson",
        "emailaddress": "oliviaanderson@afriland.example.com",
        "telephoneCisco": "0678",
        "userId": 2324,
        "sexe": "F",
        "fonction": "Consultante en sécurité",
        "telephoneMobile": "66789012",
        "service": "INFORMATIQUE",
        "libAge": "DEPARTEMENT DEVELOPPEMENT ET INTEGRATION DES LOGICIELS",
        "organizationId": 287740,
        "agent": true,
        "permanence": false,
        "absentList": [],
        "vacancies": [],
        "isEligible": true,
        "isAbsent": false,
        "isVacancy": false,
        "departement": {
            "id": 2,
            "organizationId": 287740,
            "level": 2,
            "type_": "DEPARTEMENT",
            "treepath": "/287662/287721/287740/",
            "parentorganizationId": 287721,
            "name": "DEPARTEMENT DEVELOPPEMENT ET INTEGRATION DES LOGICIELS",
            "direction": {
                "id": 1,
                "organizationId": 287721,
                "level": 4,
                "type_": "DIRECTION",
                "treepath": "/287662/287721/",
                "parentorganizationId": 287662,
                "name": "DIRECTION DES SYSTEMES INFORMATIONS"
            }
        }
    },
    {
        "firstname": "William Martinez",
        "emailaddress": "williammartinez@afriland.example.com",
        "telephoneCisco": "0912",
        "userId": 2526,
        "sexe": "M",
        "fonction": "Architecte logiciel",
        "telephoneMobile": "67890123",
        "service": "INFORMATIQUE",
        "libAge": "DEPARTEMENT DEVELOPPEMENT ET INTEGRATION DES LOGICIELS",
        "organizationId": 287740,
        "agent": true,
        "permanence": false,
        "absentList": [],
        "vacancies": [],
        "isEligible": true,
        "isAbsent": false,
        "isVacancy": false,
        "departement": {
            "id": 2,
            "organizationId": 287740,
            "level": 2,
            "type_": "DEPARTEMENT",
            "treepath": "/287662/287721/287740/",
            "parentorganizationId": 287721,
            "name": "DEPARTEMENT DEVELOPPEMENT ET INTEGRATION DES LOGICIELS",
            "direction": {
                "id": 1,
                "organizationId": 287721,
                "level": 4,
                "type_": "DIRECTION",
                "treepath": "/287662/287721/",
                "parentorganizationId": 287662,
                "name": "DIRECTION DES SYSTEMES INFORMATIONS"
            }
        }
    },
    {
        "firstname": "Sophia Thompson",
        "emailaddress": "sophiathompson@afriland.example.com",
        "telephoneCisco": "0145",
        "userId": 2728,
        "sexe": "F",
        "fonction": "Développeuse front-end",
        "telephoneMobile": "68901234",
        "service": "INFORMATIQUE",
        "libAge": "DEPARTEMENT DEVELOPPEMENT ET INTEGRATION DES LOGICIELS",
        "organizationId": 287740,
        "agent": true,
        "permanence": false,
        "absentList": [],
        "vacancies": [],
        "isEligible": true,
        "isAbsent": false,
        "isVacancy": false,
        "departement": {
            "id": 2,
            "organizationId": 287740,
            "level": 2,
            "type_": "DEPARTEMENT",
            "treepath": "/287662/287721/287740/",
            "parentorganizationId": 287721,
            "name": "DEPARTEMENT DEVELOPPEMENT ET INTEGRATION DES LOGICIELS",
            "direction": {
                "id": 1,
                "organizationId": 287721,
                "level": 4,
                "type_": "DIRECTION",
                "treepath": "/287662/287721/",
                "parentorganizationId": 287662,
                "name": "DIRECTION DES SYSTEMES INFORMATIONS"
            }
        }
    },
    {
        "firstname": "James White",
        "emailaddress": "jameswhite@afriland.example.com",
        "telephoneCisco": "0189",
        "userId": 2930,
        "sexe": "M",
        "fonction": "Administrateur base de données",
        "telephoneMobile": "69012345",
        "service": "INFORMATIQUE",
        "libAge": "DEPARTEMENT DEVELOPPEMENT ET INTEGRATION DES LOGICIELS",
        "organizationId": 287740,
        "agent": true,
        "permanence": false,
        "absentList": [],
        "vacancies": [],
        "isEligible": true,
        "isAbsent": false,
        "isVacancy": false,
        "departement": {
            "id": 2,
            "organizationId": 287740,
            "level": 2,
            "type_": "DEPARTEMENT",
            "treepath": "/287662/287721/287740/",
            "parentorganizationId": 287721,
            "name": "DEPARTEMENT DEVELOPPEMENT ET INTEGRATION DES LOGICIELS",
            "direction": {
                "id": 1,
                "organizationId": 287721,
                "level": 4,
                "type_": "DIRECTION",
                "treepath": "/287662/287721/",
                "parentorganizationId": 287662,
                "name": "DIRECTION DES SYSTEMES INFORMATIONS"
            }
        }
    },
    {
        "firstname": "Ava Lee",
        "emailaddress": "avalee@afriland.example.com",
        "telephoneCisco": "0223",
        "userId": 3132,
        "sexe": "F",
        "fonction": "Développeuse back-end",
        "telephoneMobile": "70123456",
        "service": "INFORMATIQUE",
        "libAge": "DEPARTEMENT DEVELOPPEMENT ET INTEGRATION DES LOGICIELS",
        "organizationId": 287740,
        "agent": true,
        "permanence": false,
        "absentList": [],
        "vacancies": [],
        "isEligible": true,
        "isAbsent": false,
        "isVacancy": false,
        "departement": {
            "id": 2,
            "organizationId": 287740,
            "level": 2,
            "type_": "DEPARTEMENT",
            "treepath": "/287662/287721/287740/",
            "parentorganizationId": 287721,
            "name": "DEPARTEMENT DEVELOPPEMENT ET INTEGRATION DES LOGICIELS",
            "direction": {
                "id": 1,
                "organizationId": 287721,
                "level": 4,
                "type_": "DIRECTION",
                "treepath": "/287662/287721/",
                "parentorganizationId": 287662,
                "name": "DIRECTION DES SYSTEMES INFORMATIONS"
            }
        }
    }
]