[
    {
        "id": 1,
        "message": "Un problème d'ordre professionnel",
        "motif": "professionel",
        "validate": false,
        "submissionDate": "2023-08-01 09:44:34.654",
        "start": "2023-11-01",
        "end": "2023-11-08",
        "nom": "Daniel Martin",
        "personnel": {
            "id": 1,
            "firstname": "Rodrigue Christian",
            "emailaddress": "rodrigue_toukam@afrilandfirstbank.com",
            "telephoneCisco": "01644",
            "telephoneMobile": "673498292",
            "userId": 43677,
            "organizationId": 287740,
            "sexe": "M",
            "fonction": "CONTROLEUR D'EXPLOITATION INFORMATIQUE ASSISTANT SENIOR",
            "agent": true,
            "service": "INFORMATIQUE",
            "libAge": "DEPARTEMENT DEVELOPPEMENT ET INTEGRATION DES LOGICIELS",
            "permanence": false,
            "isEligible": true,
            "isAbsent": false,
            "isVacancy": false
        }
    }
]